{"cameraMode":{"drawMode":0,"name":"Shaded","section":"Shading Mode"},"sceneLighting":false,"audioPlay":false,"sceneViewState":{"m_AlwaysRefresh":false,"showFog":true,"showSkybox":false,"showFlares":true,"showImageEffects":true,"showParticleSystems":true,"showVisualEffectGraphs":true,"m_FxEnabled":true},"in2DMode":false,"pivot":{"x":0.7382371425628662,"y":-4.055000305175781,"z":1.0071368217468262},"rotation":{"x":0.08909927308559418,"y":-0.8729734420776367,"z":0.17406274378299714,"w":0.44685786962509158},"size":0.3887225389480591,"orthographic":true}