{"cameraMode":{"drawMode":0,"name":"Shaded","section":"Shading Mode"},"sceneLighting":false,"audioPlay":false,"sceneViewState":{"m_AlwaysRefresh":false,"showFog":true,"showSkybox":false,"showFlares":true,"showImageEffects":true,"showParticleSystems":true,"showVisualEffectGraphs":true,"m_FxEnabled":true},"in2DMode":false,"pivot":{"x":0.011048495769500733,"y":-2.913207769393921,"z":-0.3756815195083618},"rotation":{"x":-0.04750450327992439,"y":-0.9513159394264221,"z":0.18968352675437928,"w":-0.2382483035326004},"size":3.9191510677337648,"orthographic":true}