{"cameraMode":{"drawMode":0,"name":"Shaded","section":"Shading Mode"},"sceneLighting":false,"audioPlay":false,"sceneViewState":{"m_AlwaysRefresh":false,"showFog":true,"showSkybox":false,"showFlares":true,"showImageEffects":true,"showParticleSystems":true,"showVisualEffectGraphs":true,"m_FxEnabled":true},"in2DMode":false,"pivot":{"x":-0.0008582770824432373,"y":-3.966076612472534,"z":-2.569998025894165},"rotation":{"x":0.17956462502479554,"y":-0.5494616627693176,"z":0.12229348719120026,"w":0.8067790269851685},"size":2.0448949337005617,"orthographic":true}