{"cameraMode":{"drawMode":0,"name":"Shaded","section":"Shading Mode"},"sceneLighting":false,"audioPlay":false,"sceneViewState":{"m_AlwaysRefresh":false,"showFog":true,"showSkybox":false,"showFlares":true,"showImageEffects":true,"showParticleSystems":true,"showVisualEffectGraphs":true,"m_FxEnabled":true},"in2DMode":false,"pivot":{"x":0.0000324249267578125,"y":-3.460569381713867,"z":0.00648951530456543},"rotation":{"x":0.09415415674448013,"y":-0.8541978001594544,"z":0.16632594168186189,"w":0.48354634642601015},"size":2.3052663803100588,"orthographic":true}