{"cameraMode":{"drawMode":0,"name":"Shaded","section":"Shading Mode"},"sceneLighting":false,"audioPlay":false,"sceneViewState":{"m_AlwaysRefresh":false,"showFog":true,"showSkybox":false,"showFlares":true,"showImageEffects":true,"showParticleSystems":true,"showVisualEffectGraphs":true,"m_FxEnabled":true},"in2DMode":false,"pivot":{"x":0.00009042075544130057,"y":-2.6690120697021486,"z":-0.3990362882614136},"rotation":{"x":0.15331274271011353,"y":-0.5398734211921692,"z":0.10075192153453827,"w":0.821513831615448},"size":1.9742106199264527,"orthographic":true}