{"cameraMode":{"drawMode":0,"name":"Shaded","section":"Shading Mode"},"sceneLighting":false,"audioPlay":false,"sceneViewState":{"m_AlwaysRefresh":false,"showFog":true,"showSkybox":false,"showFlares":true,"showImageEffects":true,"showParticleSystems":true,"showVisualEffectGraphs":true,"m_FxEnabled":true},"in2DMode":false,"pivot":{"x":0.12252715229988098,"y":-3.169395923614502,"z":-0.057487551122903827},"rotation":{"x":0.1316605806350708,"y":-0.5484387278556824,"z":0.0879441574215889,"w":0.8210641741752625},"size":2.0006206035614015,"orthographic":true}