{"cameraMode":{"drawMode":0,"name":"Shaded","section":"Shading Mode"},"sceneLighting":false,"audioPlay":false,"sceneViewState":{"m_AlwaysRefresh":false,"showFog":true,"showSkybox":false,"showFlares":true,"showImageEffects":true,"showParticleSystems":true,"showVisualEffectGraphs":true,"m_FxEnabled":true},"in2DMode":false,"pivot":{"x":0.05450010299682617,"y":2.0242178440093996,"z":0.10477852821350098},"rotation":{"x":-0.05295439809560776,"y":0.9467722773551941,"z":-0.21252168715000153,"w":-0.23590895533561707},"size":4.451587677001953,"orthographic":true}