{"cameraMode":{"drawMode":0,"name":"Shaded","section":"Shading Mode"},"sceneLighting":true,"audioPlay":false,"sceneViewState":{"m_AlwaysRefresh":false,"showFog":true,"showSkybox":true,"showFlares":true,"showImageEffects":true,"showParticleSystems":true,"showVisualEffectGraphs":true,"m_FxEnabled":true},"in2DMode":false,"pivot":{"x":-28.299999237060548,"y":0.6600000262260437,"z":59.79999923706055},"rotation":{"x":0.04721497371792793,"y":0.9082995653152466,"z":-0.10675855726003647,"w":0.40170371532440188},"size":0.2903420329093933,"orthographic":true}