{"cameraMode":{"drawMode":0,"name":"Shaded","section":"Shading Mode"},"sceneLighting":true,"audioPlay":false,"sceneViewState":{"m_AlwaysRefresh":false,"showFog":true,"showSkybox":true,"showFlares":true,"showImageEffects":true,"showParticleSystems":true,"showVisualEffectGraphs":true,"m_FxEnabled":true},"in2DMode":false,"pivot":{"x":1.1028542518615723,"y":0.8031283617019653,"z":0.0843908041715622},"rotation":{"x":0.16472923755645753,"y":0.16922920942306519,"z":-0.028701039031147958,"w":0.9712888598442078},"size":0.5154534578323364,"orthographic":true}