{"cameraMode":{"drawMode":0,"name":"Shaded","section":"Shading Mode"},"sceneLighting":true,"audioPlay":false,"sceneViewState":{"m_AlwaysRefresh":false,"showFog":true,"showSkybox":true,"showFlares":true,"showImageEffects":true,"showParticleSystems":true,"showVisualEffectGraphs":true,"m_FxEnabled":true},"in2DMode":false,"pivot":{"x":-28.299999237060548,"y":1.3267542123794556,"z":59.27516174316406},"rotation":{"x":0.12228287756443024,"y":0.20827843248844148,"z":-0.026255473494529725,"w":0.9700403213500977},"size":2.1588053703308107,"orthographic":true}