{"cameraMode":{"drawMode":0,"name":"Shaded","section":"Shading Mode"},"sceneLighting":false,"audioPlay":false,"sceneViewState":{"m_AlwaysRefresh":false,"showFog":true,"showSkybox":false,"showFlares":true,"showImageEffects":true,"showParticleSystems":true,"showVisualEffectGraphs":true,"m_FxEnabled":true},"in2DMode":false,"pivot":{"x":-0.08669914305210114,"y":-0.1378372609615326,"z":-8.910372734069825},"rotation":{"x":0.03823457658290863,"y":0.6839815378189087,"z":-0.03594225272536278,"w":0.7276111245155335},"size":0.305997371673584,"orthographic":true}