{"cameraMode":{"drawMode":0,"name":"Shaded","section":"Shading Mode"},"sceneLighting":false,"audioPlay":false,"sceneViewState":{"m_AlwaysRefresh":false,"showFog":true,"showSkybox":false,"showFlares":true,"showImageEffects":true,"showParticleSystems":true,"showVisualEffectGraphs":true,"m_FxEnabled":true},"in2DMode":false,"pivot":{"x":9.321779251098633,"y":0.010199740529060364,"z":-17.50016212463379},"rotation":{"x":-0.20513562858104707,"y":0.24141532182693482,"z":-0.05229171738028526,"w":-0.947050154209137},"size":1.2262952327728272,"orthographic":true}