{"cameraMode":{"drawMode":0,"name":"Shaded","section":"Shading Mode"},"sceneLighting":false,"audioPlay":false,"sceneViewState":{"m_AlwaysRefresh":false,"showFog":true,"showSkybox":false,"showFlares":true,"showImageEffects":true,"showParticleSystems":true,"showVisualEffectGraphs":true,"m_FxEnabled":true},"in2DMode":false,"pivot":{"x":8.826499938964844,"y":0.06309999525547028,"z":-18.034250259399415},"rotation":{"x":-0.20513562858104707,"y":0.24141532182693482,"z":-0.05229171738028526,"w":-0.947050154209137},"size":0.8660253882408142,"orthographic":true}