{"cameraMode":{"drawMode":0,"name":"Shaded","section":"Shading Mode"},"sceneLighting":false,"audioPlay":false,"sceneViewState":{"m_AlwaysRefresh":false,"showFog":true,"showSkybox":false,"showFlares":true,"showImageEffects":true,"showParticleSystems":true,"showVisualEffectGraphs":true,"m_FxEnabled":true},"in2DMode":false,"pivot":{"x":9.600000381469727,"y":0.20999999344348908,"z":-16.899999618530275},"rotation":{"x":-0.20513562858104707,"y":0.24141532182693482,"z":-0.05229171738028526,"w":-0.947050154209137},"size":2.5733542442321779,"orthographic":true}