{"cameraMode":{"drawMode":0,"name":"Shaded","section":"Shading Mode"},"sceneLighting":false,"audioPlay":false,"sceneViewState":{"m_AlwaysRefresh":false,"showFog":true,"showSkybox":false,"showFlares":true,"showImageEffects":true,"showParticleSystems":true,"showVisualEffectGraphs":true,"m_FxEnabled":true},"in2DMode":false,"pivot":{"x":-0.41069602966308596,"y":0.07365870475769043,"z":0.7529230117797852},"rotation":{"x":-0.05746646225452423,"y":0.49673789739608767,"z":-0.03298678994178772,"w":-0.8653677105903626},"size":5.767456531524658,"orthographic":true}