{"cameraMode":{"drawMode":0,"name":"Shaded","section":"Shading Mode"},"sceneLighting":false,"audioPlay":false,"sceneViewState":{"m_AlwaysRefresh":false,"showFog":true,"showSkybox":false,"showFlares":true,"showImageEffects":true,"showParticleSystems":true,"showVisualEffectGraphs":true,"m_FxEnabled":true},"in2DMode":false,"pivot":{"x":0.7127146124839783,"y":-3.9180002212524416,"z":1.208993911743164},"rotation":{"x":0.06551556289196015,"y":-0.23716136813163758,"z":0.01603275164961815,"w":0.9691261649131775},"size":0.827842116355896,"orthographic":true}