{"cameraMode":{"drawMode":0,"name":"Shaded","section":"Shading Mode"},"sceneLighting":false,"audioPlay":false,"sceneViewState":{"m_AlwaysRefresh":false,"showFog":true,"showSkybox":false,"showFlares":true,"showImageEffects":true,"showParticleSystems":true,"showVisualEffectGraphs":true,"m_FxEnabled":true},"in2DMode":false,"pivot":{"x":-0.47461462020874026,"y":0.12190842628479004,"z":0.7410857677459717},"rotation":{"x":0.03138897940516472,"y":0.9186618328094482,"z":-0.0745747834444046,"w":0.38667064905166628},"size":3.8045907020568849,"orthographic":true}