{"cameraMode":{"drawMode":0,"name":"Shaded","section":"Shading Mode"},"sceneLighting":false,"audioPlay":false,"sceneViewState":{"m_AlwaysRefresh":false,"showFog":true,"showSkybox":false,"showFlares":true,"showImageEffects":true,"showParticleSystems":true,"showVisualEffectGraphs":true,"m_FxEnabled":true},"in2DMode":false,"pivot":{"x":1.1369999647140504,"y":0.3070000112056732,"z":-1.5505590438842774},"rotation":{"x":0.12304157763719559,"y":0.2745577096939087,"z":-0.03544768691062927,"w":0.9530086517333984},"size":3.275655746459961,"orthographic":true}