{"cameraMode":{"drawMode":0,"name":"Shaded","section":"Shading Mode"},"sceneLighting":false,"audioPlay":false,"sceneViewState":{"m_AlwaysRefresh":false,"showFog":true,"showSkybox":false,"showFlares":true,"showImageEffects":true,"showParticleSystems":true,"showVisualEffectGraphs":true,"m_FxEnabled":true},"in2DMode":false,"pivot":{"x":-0.7099999785423279,"y":0.5320000648498535,"z":1.5299999713897706},"rotation":{"x":0.11620858311653137,"y":-0.8338421583175659,"z":0.19216273725032807,"w":0.5042584538459778},"size":4.935389518737793,"orthographic":true}