{"cameraMode":{"drawMode":0,"name":"Shaded","section":"Shading Mode"},"sceneLighting":false,"audioPlay":false,"sceneViewState":{"m_AlwaysRefresh":false,"showFog":true,"showSkybox":false,"showFlares":true,"showImageEffects":true,"showParticleSystems":true,"showVisualEffectGraphs":true,"m_FxEnabled":true},"in2DMode":false,"pivot":{"x":-29.014392852783204,"y":0.49500003457069399,"z":54.007137298583987},"rotation":{"x":0.07025141268968582,"y":0.7201109528541565,"z":-0.07370707392692566,"w":0.6863487362861633},"size":0.38566288352012637,"orthographic":true}