{"cameraMode":{"drawMode":0,"name":"Shaded","section":"Shading Mode"},"sceneLighting":false,"audioPlay":false,"sceneViewState":{"m_AlwaysRefresh":false,"showFog":true,"showSkybox":false,"showFlares":true,"showImageEffects":true,"showParticleSystems":true,"showVisualEffectGraphs":true,"m_FxEnabled":true},"in2DMode":false,"pivot":{"x":-28.299999237060548,"y":1.3267542123794556,"z":52.975162506103519},"rotation":{"x":0.021052509546279908,"y":0.5639632344245911,"z":-0.014384053647518158,"w":0.8254072666168213},"size":2.1588053703308107,"orthographic":true}