{"cameraMode":{"drawMode":0,"name":"Shaded","section":"Shading Mode"},"sceneLighting":false,"audioPlay":false,"sceneViewState":{"m_AlwaysRefresh":false,"showFog":true,"showSkybox":false,"showFlares":true,"showImageEffects":true,"showParticleSystems":true,"showVisualEffectGraphs":true,"m_FxEnabled":true},"in2DMode":false,"pivot":{"x":-0.001000136137008667,"y":-3.9660000801086427,"z":-2.570000171661377},"rotation":{"x":0.21567566692829133,"y":-0.5434039235115051,"z":0.14688712358474732,"w":0.7978849411010742},"size":0.9928877353668213,"orthographic":true}