{"cameraMode":{"drawMode":0,"name":"Shaded","section":"Shading Mode"},"sceneLighting":false,"audioPlay":false,"sceneViewState":{"m_AlwaysRefresh":false,"showFog":true,"showSkybox":false,"showFlares":true,"showImageEffects":true,"showParticleSystems":true,"showVisualEffectGraphs":true,"m_FxEnabled":true},"in2DMode":false,"pivot":{"x":-0.02822144702076912,"y":0.0592627227306366,"z":-9.219308853149414},"rotation":{"x":0.03823457658290863,"y":0.6839815378189087,"z":-0.03594225272536278,"w":0.7276111245155335},"size":0.5954176187515259,"orthographic":true}