{"cameraMode":{"drawMode":0,"name":"Shaded","section":"Shading Mode"},"sceneLighting":false,"audioPlay":false,"sceneViewState":{"m_AlwaysRefresh":false,"showFog":true,"showSkybox":false,"showFlares":true,"showImageEffects":true,"showParticleSystems":true,"showVisualEffectGraphs":true,"m_FxEnabled":true},"in2DMode":false,"pivot":{"x":0.5119998455047607,"y":-3.940000057220459,"z":-2.0350000858306886},"rotation":{"x":0.17653165757656098,"y":-0.4576893746852875,"z":0.09325484186410904,"w":0.8664072751998901},"size":2.7448832988739015,"orthographic":true}