{"cameraMode":{"drawMode":0,"name":"Shaded","section":"Shading Mode"},"sceneLighting":false,"audioPlay":false,"sceneViewState":{"m_AlwaysRefresh":false,"showFog":true,"showSkybox":false,"showFlares":true,"showImageEffects":true,"showParticleSystems":true,"showVisualEffectGraphs":true,"m_FxEnabled":true},"in2DMode":false,"pivot":{"x":0.6344823241233826,"y":-3.4987359046936037,"z":-0.932490885257721},"rotation":{"x":0.06995903700590134,"y":-0.43902161717414858,"z":0.034313298761844638,"w":0.8950914144515991},"size":2.611844301223755,"orthographic":true}